Aemon,Maester Aemon,Aemon Targaryen,Prince Aemon,Prince Aemon the Dragonknight
Alliser,Alliser Thorne,Ser Alliser Thorne,Ser Alliser
Alyn
Arryn
Arya,Arya Stark
Baelish,Petyr Baelish,Petyr,Littlefinger,Lord Baelish,Lord Petyr
Benjen,Benjen Stark
Bowen Marsh
Brandon,Brandon Stark
Brandon,Brandon Stark,Bran
Bronn
Brynden,Blackfish,Ser Brynden,Ser Brynden Tully,Brynden Blackfish,Brynden Tully
Catelyn,Catelyn Stark,Catelyn Tully Stark,Lady Catelyn Stark,Lady Catelyn,Catelyn Tully,Lady Stark
Cersei,Cersei Lannister,Queen Cersei
Chella
Chiggen
Cohollo
Conn
Daenerys,Dany,Daenerys Targaryen,Daenerys Stormborn,Princess Daenerys
Doreah
Dothraki
Dragonstone
Drogo,Khal Drogo,Khal
Eddard,Ned,Eddard Stark,Ned Stark,Lord Eddard,Lord Eddard Stark,Lord Stark
Edmure,Edmure Tully,Ser Edmure,Ser Edmure Tully
Greatjon,Greatjon Umber
Gregor,Gregor Clegane,Ser Gregor,Ser Gregor Clegane
Grenn
Haggo
Halder
Harwin
Highgarden
Hodor
Hullen
Illyrio,Magister Illyrio
Jaime,Jaime Lannister,Ser Jaime,Kingslayer
Jeyne,Jeyne Poole
Jhiqui
Jhogo
Joff,Joffrey,Prince Joffrey
Jon,Jon Arryn
Jon,Jon Snow,Bastard
Jorah Mormont,Ser Jorah Mormont,Ser Jorah
Jory,Jory Cassel
Karstark
Kevan,Ser Kevan,Ser Kevan Lannister
King,King Robert,Robert,Lord Robert,Robert Baratheon
Kingsguard
Lannister
Loras,Ser Loras,Loras Tyrell,Ser Loras Tyrell
Lord Hoster,Hoster Tully,Lord Hoster Tully,Hoster
Lord Stannis,Stannis Baratheon,Stannis
Lord Tywin,Tywin Lannister,Lord Tywin Lannister,Tywin
Lord Walder,Lord Walder Frey,Walder Frey,Walder
Lyanna
Lysa Arryn,Lysa,Lady Lysa Arryn,Lady Lysa
Maester Luwin,Luwin
Marillion
Mirri Maz Duur,Maz Duur,Mirri
Moon
Mordane,Septa Mordane
Mord
Mormont
Myrcella,Princess Myrcella
Nan,Old Nan
Nymeria
Pycelle,Grand Maester Pycelle,Maester Pycelle
Pyp,Pypar
Qotho
Rast
Renly,Lord Renly,Renly Baratheon,King Renly
Rhaegar,Rhaegar Targaryen,Prince Rhaegar
Rickon,Rickon Stark
Robb,Robb Stark
Roose Bolton
Sam,Samwell Tarly
Sandor Clegane,Sandor
Sansa,Sansa Stark,Lady Sansa
Ser Barristan,Barristan Selmy,Ser Barristan Selmy,Selmy
Ser Boros,Ser Boros Blount
Ser Rodrik,Rodrik Cassel,Ser Rodrik Cassel,Rodrik
Shagga
Starks
Theon,Theon Greyjoy
Thorne
Timett
Tommen,Prince Tommen
Tully
Tyrion,Tyrion Lannister,Imp
Tywin Lannister,Lord Tywin,Tywin,Lord Tywin Lannister
Vaes Dothrak
Vardis,Ser Vardis Egen,Ser Vardis
Varys,Lord Varys
Vayon Poole
Viserys,Viserys Targaryen
Winterfell
Yoren